﻿Comment,Designator,Footprint,JLCPCB Part #
"XT30PW-M30.G.Y","CN1","CONN-TH_XT30PW-M",""
"B5B-XH-A(LF)(SN)","CN2","CONN-TH_B5B-XH-A-LF-SN",""
"XT30UPB-F30.G.Y","CN3","CONN-TH_XT30UPB-F",""
"X6521WV-2x22H-C60D30","H1","HDR-TH_44P-2.54-V-M-R2-C22-S2.54",""
"CFR0W4J0205A50","R2","RES-TH_BD2.2-L6.5-P10.50-D0.6",""
"Z-ICS0S16P-NG00","SK1","DIP-16_L20.3-W10.2-P2.54-LS7.6-BL-2",""
"PZ254-1-19-Z-8.5","U1, U2, U3, U4","HDR-TH_19P-P2.54-V-F",""
"JL308-25410G01","U10, U5, U6, U7, U8, U9","CONN-TH_10P-P2.54_JILN_JL308-25410G01",""
"B5B-PH-K-S(LF)(SN)","U11, U12","CONN-TH_B5B-PH-K-S-LF-SN",""
"JL308-25403G01","U13","CONN-TH_3P-P2.54_JILN_JL308-25403G01",""
"CC1H103ZA1ED3F4D1100","U14","CAP-TH_L5.0-W2.5-P2.50-D0.5",""
