﻿Component Description,QTY,Ref Des,Mfg P/N #,Manufacturer,Distributor P/N #
"Power Connectors, CONN-TH_XT30PW-M","1","CN1","XT30PW-M30.G.Y","AMASS(艾迈斯)",""
"Wire To Board / Wire To Wire Connector, CONN-TH_B5B-XH-A-LF-SN","1","CN2","B5B-XH-A(LF)(SN)","JST",""
"Power Connectors, CONN-TH_XT30UPB-F","1","CN3","XT30UPB-F30.G.Y","AMASS(艾迈斯)",""
"Pin Headers, HDR-TH_44P-2.54-V-M-R2-C22-S2.54","1","H1","X6521WV-2x22H-C60D30","XKB Connection(中国星坤)",""
"Through Hole Resistors, RES-TH_BD2.2-L6.5-P10.50-D0.6","1","R2","CFR0W4J0205A50","UNI-ROYAL(厚声)",""
"IC Sockets, DIP-16_L20.3-W10.2-P2.54-LS7.6-BL-2","1","SK1","Z-ICS0S16P-NG00","Ckmtw(灿科盟)",""
"Female Headers, HDR-TH_19P-P2.54-V-F","4","U1,U2,U3,U4","PZ254-1-19-Z-8.5","HCTL(华灿天禄)",""
"Screw terminal, CONN-TH_10P-P2.54_JILN_JL308-25410G01","6","U10,U5,U6,U7,U8,U9","JL308-25410G01","JILN(锦凌)",""
"Wire To Board / Wire To Wire Connector, CONN-TH_B5B-PH-K-S-LF-SN","2","U11,U12","B5B-PH-K-S(LF)(SN)","JST",""
"Screw terminal, CONN-TH_3P-P2.54_JILN_JL308-25403G01","1","U13","JL308-25403G01","JILN(锦凌)",""
"Ceramic Disc Capacitors, 10nF, CAP-TH_L5.0-W2.5-P2.50-D0.5","1","U14","CC1H103ZA1ED3F4D1100","Dersonic(德尔创)",""
