﻿*Reference,*Manufacturer Part number,*QTY,*Original,Description,Purchase Link
"CN1","XT30PW-M30.G.Y","1","","Power Connectors
XT30PW-M30.G.Y
CONN-TH_XT30PW-M
LCSC Part Number: C431092
JLCPCB Part Class: Extended Part
Manufactured by AMASS(艾迈斯) ","https://lcsc.com/product-detail/New-Arrivals_Changzhou-Amass-Elec-XT30PW-MMale-head_C431092.html"
"CN2","B5B-XH-A(LF)(SN)","1","","1x5P 5P XH Tin 5 -25℃~+85℃ 3A 1 2.5mm Brass Direct Insert Plugin,P=2.5mm Wire To Board Connector ROHS
B5B-XH-A(LF)(SN)
CONN-TH_B5B-XH-A-LF-SN
LCSC Part Number: C157991
JLCPCB Part Class: Extended Part
Manufactured by JST ","https://lcsc.com/product-detail/XH-Connectors_JST_B5B-XH-A-LF-SN_XHsocket-1-5P-pitch2-5mm_C157991.html"
"CN3","XT30UPB-F30.G.Y","1","","Power Connectors
XT30UPB-F30.G.Y
CONN-TH_XT30UPB-F
LCSC Part Number: C108769
JLCPCB Part Class: Extended Part
Manufactured by AMASS(艾迈斯) ","https://lcsc.com/product-detail/Banana-and-Tip-Connectors_Changzhou-Amass-Elec-XT30UPB-F_C108769.html"
"H1","X6521WV-2x22H-C60D30","1","","Pin Headers
X6521WV-2x22H-C60D30
HDR-TH_44P-2.54-V-M-R2-C22-S2.54
LCSC Part Number: C725894
JLCPCB Part Class: Extended Part
Manufactured by XKB Connection(中国星坤) ","https://lcsc.com/product-detail/Pin-Header-Female-Header_XKB-Connectivity-X6521WV-2-22H-C30D60_C725894.html"
"R2","CFR0W4J0205A50","1","","Through Hole Resistors
CFR0W4J0205A50
RES-TH_BD2.2-L6.5-P10.50-D0.6
LCSC Part Number: C114735
JLCPCB Part Class: Extended Part
Manufactured by UNI-ROYAL(厚声) ","https://lcsc.com/product-detail/Carbon-Film-Resistors_Uniroyal-Elec-CFR0W4J0205A50_C114735.html"
"SK1","Z-ICS0S16P-NG00","1","","IC Sockets
Z-ICS0S16P-NG00
DIP-16_L20.3-W10.2-P2.54-LS7.6-BL-2
LCSC Part Number: C146580
JLCPCB Part Class: Extended Part
Manufactured by Ckmtw(灿科盟) ","https://lcsc.com/product-detail/Sockets-For-ICs_Shenzhen-Cancome-ICsocket-16P-2-54mm_C146580.html"
"U1, U2, U3, U4","PZ254-1-19-Z-8.5","4","","Female Headers
PZ254-1-19-Z-8.5
HDR-TH_19P-P2.54-V-F
LCSC Part Number: C3012221
JLCPCB Part Class: Extended Part
Manufactured by HCTL(华灿天禄) ",""
"U10, U5, U6, U7, U8, U9","JL308-25410G01","6","","Screw terminal
JL308-25410G01
CONN-TH_10P-P2.54_JILN_JL308-25410G01
LCSC Part Number: C2922605
JLCPCB Part Class: Extended Part
Manufactured by JILN(锦凌) ",""
"U11, U12","B5B-PH-K-S(LF)(SN)","2","","1x5P 5P PH Tin 5 -25℃~+85℃ 2A 1 2mm Brass Direct Insert Plugin,P=2mm Wire To Board Connector ROHS 
B5B-PH-K-S(LF)(SN)
CONN-TH_B5B-PH-K-S-LF-SN
LCSC Part Number: C157993
JLCPCB Part Class: Extended Part
Manufactured by JST ","https://lcsc.com/product-detail/PH-Connectors_JST_B5B-PH-K-S-LF-SN_PHsocket-1-5P-pitch2mm_C157993.html"
"U13","JL308-25403G01","1","","Screw terminal
JL308-25403G01
CONN-TH_3P-P2.54_JILN_JL308-25403G01
LCSC Part Number: C2922598
JLCPCB Part Class: Extended Part
Manufactured by JILN(锦凌) ",""
"U14","CC1H103ZA1ED3F4D1100","1","","Ceramic Disc Capacitors
CC1H103ZA1ED3F4D1100
CAP-TH_L5.0-W2.5-P2.50-D0.5
LCSC Part Number: C2832505
undefined
Manufactured by Dersonic(德尔创) ",""
