﻿Item #,Designator,Qty,Manufacturer,Mfg Part #,Description / Value,Package/Footprint,Type,Your Instructions / Notes
"1","CN1","1","AMASS(艾迈斯)","XT30PW-M30.G.Y","Power Connectors, CONN-TH_XT30PW-M","CONN-TH_XT30PW-M","",""
"2","CN2","1","JST","B5B-XH-A(LF)(SN)","Wire To Board / Wire To Wire Connector, CONN-TH_B5B-XH-A-LF-SN","CONN-TH_B5B-XH-A-LF-SN","",""
"3","CN3","1","AMASS(艾迈斯)","XT30UPB-F30.G.Y","Power Connectors, CONN-TH_XT30UPB-F","CONN-TH_XT30UPB-F","",""
"4","H1","1","XKB Connection(中国星坤)","X6521WV-2x22H-C60D30","Pin Headers, HDR-TH_44P-2.54-V-M-R2-C22-S2.54","HDR-TH_44P-2.54-V-M-R2-C22-S2.54","",""
"5","R2","1","UNI-ROYAL(厚声)","CFR0W4J0205A50","Through Hole Resistors, RES-TH_BD2.2-L6.5-P10.50-D0.6","RES-TH_BD2.2-L6.5-P10.50-D0.6","",""
"6","SK1","1","Ckmtw(灿科盟)","Z-ICS0S16P-NG00","IC Sockets, DIP-16_L20.3-W10.2-P2.54-LS7.6-BL-2","DIP-16_L20.3-W10.2-P2.54-LS7.6-BL-2","",""
"7","U1,U2,U3,U4","4","HCTL(华灿天禄)","PZ254-1-19-Z-8.5","Female Headers, HDR-TH_19P-P2.54-V-F","HDR-TH_19P-P2.54-V-F","",""
"8","U10,U5,U6,U7,U8,U9","6","JILN(锦凌)","JL308-25410G01","Screw terminal, CONN-TH_10P-P2.54_JILN_JL308-25410G01","CONN-TH_10P-P2.54_JILN_JL308-25410G01","",""
"9","U11,U12","2","JST","B5B-PH-K-S(LF)(SN)","Wire To Board / Wire To Wire Connector, CONN-TH_B5B-PH-K-S-LF-SN","CONN-TH_B5B-PH-K-S-LF-SN","",""
"10","U13","1","JILN(锦凌)","JL308-25403G01","Screw terminal, CONN-TH_3P-P2.54_JILN_JL308-25403G01","CONN-TH_3P-P2.54_JILN_JL308-25403G01","",""
"11","U14","1","Dersonic(德尔创)","CC1H103ZA1ED3F4D1100","Ceramic Disc Capacitors, 10nF, CAP-TH_L5.0-W2.5-P2.50-D0.5","CAP-TH_L5.0-W2.5-P2.50-D0.5","",""
