﻿Designator,Quantity,Element UIDs,Part UID,Specification,Part Type,Domain,Compliance,JLCPCB Part Class,Operating Voltage,Operating Temperature,Reliability Target (MTBF),Role,Software,Connector Type,Connector Gender,Connector Pitch,Connector Positions,Connector Rows,Power Requirements,Connectivity,Human Interface,Manufacturing Quantity Target,Manufacturer Part Number,LCSC Part Number,Digi-Key Part Number,Mouser Part Number,Arrow Part Number,Verical Part Number,TME Part Number,Allow Substitutes,Manufacturer Name,Price Change Threshold,Lead Time Change Threshold,Pricing Notification Frequency,Preferred Distributors,Datasheet URL,License,Package or Case Code,Terminal Type,Pin Type,Voltage,Voltage Rating,Forward Voltage,Reverse Voltage,Max Reverse Voltage,Diode Type,Mount,Integrated Circuit Type,Breakdown Voltage,Threshold Voltage,Max Output Voltage,Max Input Voltage,Initial Voltage on Reset,Resistance,Resistor Type,Gate Resistance,On Resistance,Off Resistance,Tolerance,Capacitance,Capacitor Type,Power,Power Rating,Current,Max Current,Desired Temperature Rise,Current Rating,Leakage Current,Saturation Current,Initial Current on Reset,Trigger Current,Holding Current,Frequency,Logic Function,Inductance,Inductor Shielding,Inductor Type,Beta,Drain to Source Voltage,Continuous Drain Current,Transistor Type,Gain,Coupling Coefficient,Ratio,Reference Design URL,Price,Purchase Url,Product Info Url,Product Image Url,Substitute Manufacturer Part Number,KiCAD Library Reference,Exclude from PCB,Controlled Impedance,Controlled Impedance Tolerance,PN Skew Max,Pair to Pair Skew Max,Pin Delay,Controlled Impedance Pair,Bus Group,Pair Role,Pin Role,Bus Type,Symbol Style,Symbol Size,Net Type,Designator Prefix,Positions,Gender,Pitch,Rows
"CN1","1","ab10d521-7c31-4726-b34a-0f5a55eaa87e","d7014d62-22f9-4be9-9625-3dc4b41c4bdd","Power Connectors, CONN-TH_XT30PW-M","Power Connectors","","","Extended Part","","","","","","Plug Connector","Male","","","","","","","","XT30PW-M30.G.Y","C431092","","","","","","","AMASS(艾迈斯)","","","","","","","CONN-TH_XT30PW-M","","","","500V","","","","","","","","","","","","","","","","","","","","","","","","","15A","","","","","","","","","","","","","","","","","","","","","https://lcsc.com/product-detail/New-Arrivals_Changzhou-Amass-Elec-XT30PW-MMale-head_C431092.html","","","","","","","","","","","","","","","","","","CN","","","",""
"CN2","1","2929d851-2416-477b-864e-eae49410017e","bcb7cb49-2324-46f4-8d7b-746eb9701450","Wire To Board / Wire To Wire Connector, CONN-TH_B5B-XH-A-LF-SN","Wire To Board / Wire To Wire Connector","","","Extended Part","","","","","","Header","","","","","","","","","B5B-XH-A(LF)(SN)","C157991","","","","","","","JST","","","","","","","CONN-TH_B5B-XH-A-LF-SN","","","","","","","","","","","","","","","","","","","","","","","","","","","","","","","","","","","","","","","","","","","","","","","","","","https://lcsc.com/product-detail/XH-Connectors_JST_B5B-XH-A-LF-SN_XHsocket-1-5P-pitch2-5mm_C157991.html","","","","","","","","","","","","","","","","","","CN","5","Male Pin","0.098"" (2.50mm)","1"
"CN3","1","0ca5c2b3-a19e-4139-8c29-980efe00c1cb","88973c60-c1bf-462f-bb5b-e244b9bf425d","Power Connectors, CONN-TH_XT30UPB-F","Power Connectors","","","Extended Part","","","","","","","","","","","","","","","XT30UPB-F30.G.Y","C108769","","","","","","","AMASS(艾迈斯)","","","","","","","CONN-TH_XT30UPB-F","","","","","","","","","","","","","","","","","","","","","","","","","","","","","","","","","","","","","","","","","","","","","","","","","","https://lcsc.com/product-detail/Banana-and-Tip-Connectors_Changzhou-Amass-Elec-XT30UPB-F_C108769.html","","","","","","","","","","","","","","","","","","CN","","","",""
"H1","1","3ec1b44b-e555-4bcb-b905-4cb0918633f6","f567cf4c-caa8-447a-acc1-8f6443ea78a7","Pin Headers, HDR-TH_44P-2.54-V-M-R2-C22-S2.54","Pin Headers","","","Extended Part","","","","","","","","","","","","","","","X6521WV-2x22H-C60D30","C725894","","","","","","","XKB Connection(中国星坤)","","","","","","","HDR-TH_44P-2.54-V-M-R2-C22-S2.54","","","","","","","","","","","","","","","","","","","","","","","","","","","","","","","","","","","","","","","","","","","","","","","","","","https://lcsc.com/product-detail/Pin-Header-Female-Header_XKB-Connectivity-X6521WV-2-22H-C30D60_C725894.html","","","","","","","","","","","","","","","","","","H","","","",""
"R2","1","6296b03a-d62a-4834-a4fb-0e61070caa76","c4b0fa8b-ec55-402b-9f35-59bd6590526d","Through Hole Resistors, RES-TH_BD2.2-L6.5-P10.50-D0.6","Through Hole Resistors","","","Extended Part","","","","","","","","","","","","","","","CFR0W4J0205A50","C114735","","","","","","","UNI-ROYAL(厚声)","","","","","","","RES-TH_BD2.2-L6.5-P10.50-D0.6","","","","","","","","","","","","","","","","","","","","","","","","","","","","","","","","","","","","","","","","","","","","","","","","","","https://lcsc.com/product-detail/Carbon-Film-Resistors_Uniroyal-Elec-CFR0W4J0205A50_C114735.html","","","","","","","","","","","","","","","","","","R","","","",""
"SK1","1","0ea7eb43-f300-46c5-9f01-de6fc5311139","aca07bab-bbb9-48a3-9e1e-39d2737bc5ed","IC Sockets, DIP-16_L20.3-W10.2-P2.54-LS7.6-BL-2","IC Sockets","","","Extended Part","","","","","","","","","","","","","","","Z-ICS0S16P-NG00","C146580","","","","","","","Ckmtw(灿科盟)","","","","","","","DIP-16_L20.3-W10.2-P2.54-LS7.6-BL-2","","","","","","","","","","","","","","","","","","","","","","","","","","","","","","","","","","","","","","","","","","","","","","","","","","https://lcsc.com/product-detail/Sockets-For-ICs_Shenzhen-Cancome-ICsocket-16P-2-54mm_C146580.html","","","","","","","","","","","","","","","","","","SK","","","",""
"U1,U2,U3,U4","4","18471a33-4bd2-41c6-a62a-e8cf6bf5a133,3016cf51-f752-40ce-a70a-05d60da72bd8,3f38569b-7f3f-4b2d-9d3c-e0b0417f9a7c,49b5f3ba-93ca-4625-b09d-ae186604383e","2803ee95-dd3b-496d-a9f7-f7e1492d705b","Female Headers, HDR-TH_19P-P2.54-V-F","Female Headers","","","Extended Part","","","","","","","","","","","","","","","PZ254-1-19-Z-8.5","C3012221","","","","","","","HCTL(华灿天禄)","","","","","","","HDR-TH_19P-P2.54-V-F","","","","","","","","","","","","","","","","","","","","","","","","","","","","","","","","","","","","","","","","","","","","","","","","","","","","","","","","","","","","","","","","","","","","U","","","",""
"U10,U5,U6,U7,U8,U9","6","1e111ff4-d730-4b1b-a0c2-e431ca1ba03f,581e72e1-f295-4309-8983-9727a536c5e1,6ca8b872-ea3c-4970-bfbb-1c1f91de70f2,a6360a17-a989-4075-8d85-1a44f2ae41fc,c2a15d66-6396-4389-98f5-d59d53235eda,fec33aae-d21e-4a92-9ace-5f168bda5e34","029a431d-1810-47ba-90eb-e5108b0aee43","Screw terminal, CONN-TH_10P-P2.54_JILN_JL308-25410G01","Screw terminal","","","Extended Part","","","","","","","","","","","","","","","JL308-25410G01","C2922605","","","","","","","JILN(锦凌)","","","","","","","CONN-TH_10P-P2.54_JILN_JL308-25410G01","","","","","","","","","","","","","","","","","","","","","","","","","","","","","","","","","","","","","","","","","","","","","","","","","","","","","","","","","","","","","","","","","","","","U","","","",""
"U11,U12","2","70c04030-5820-4923-b309-56228dda1e08,ddc6d2ac-f769-4f4c-981b-b9fbf0ae9448","be8c6c00-c833-48a8-9be7-6679e343bc62","Wire To Board / Wire To Wire Connector, CONN-TH_B5B-PH-K-S-LF-SN","Wire To Board / Wire To Wire Connector","","","Extended Part","","","","","","Wire-to-board","","","","","","","","","B5B-PH-K-S(LF)(SN)","C157993","","","","","","","JST","","","","","","","CONN-TH_B5B-PH-K-S-LF-SN","","","","","","","","","","","","","","","","","","","","","","","","","","","","","","","","","","","","","","","","","","","","","","","","","","https://lcsc.com/product-detail/PH-Connectors_JST_B5B-PH-K-S-LF-SN_PHsocket-1-5P-pitch2mm_C157993.html","","","","","","","","","","","","","","","","","","U","5","Female","2.0mm","1"
"U13","1","ed8fcdf1-9a70-4eb6-8698-23ceb9efa274","04413733-a4e8-4170-abb4-31eaa30d97a1","Screw terminal, CONN-TH_3P-P2.54_JILN_JL308-25403G01","Screw terminal","","","Extended Part","","","","","","","","","","","","","","","JL308-25403G01","C2922598","","","","","","","JILN(锦凌)","","","","","","","CONN-TH_3P-P2.54_JILN_JL308-25403G01","","","","","","","","","","","","","","","","","","","","","","","","","","","","","","","","","","","","","","","","","","","","","","","","","","","","","","","","","","","","","","","","","","","","U","","","",""
"U14","1","24ae183e-6934-4c6a-942b-593148269580","f4b3566a-f619-48d4-92d2-b227017f34ad","Ceramic Disc Capacitors, 10nF, CAP-TH_L5.0-W2.5-P2.50-D0.5","Ceramic Disc Capacitors","","","","","","","","","","","","","","","","","","CC1H103ZA1ED3F4D1100","C2832505","","","","","","","Dersonic(德尔创)","","","","","","","CAP-TH_L5.0-W2.5-P2.50-D0.5","","","","","","","","","","","","","","","","","","","","","","10nF","","","","","","","","","","","","","","","","","","","","","","","","","","","","","","","","","","","","","","","","","","","","","","U","","","",""
