﻿Reference designators,Quantity,MPN,Manufacturer,Part description,Value,SPN,Supplier,Package
"CN1","1","XT30PW-M30.G.Y","AMASS(艾迈斯)","Power Connectors, CONN-TH_XT30PW-M","","","","CONN-TH_XT30PW-M"
"CN2","1","B5B-XH-A(LF)(SN)","JST","Wire To Board / Wire To Wire Connector, CONN-TH_B5B-XH-A-LF-SN","","","","CONN-TH_B5B-XH-A-LF-SN"
"CN3","1","XT30UPB-F30.G.Y","AMASS(艾迈斯)","Power Connectors, CONN-TH_XT30UPB-F","","","","CONN-TH_XT30UPB-F"
"H1","1","X6521WV-2x22H-C60D30","XKB Connection(中国星坤)","Pin Headers, HDR-TH_44P-2.54-V-M-R2-C22-S2.54","","","","HDR-TH_44P-2.54-V-M-R2-C22-S2.54"
"R2","1","CFR0W4J0205A50","UNI-ROYAL(厚声)","Through Hole Resistors, RES-TH_BD2.2-L6.5-P10.50-D0.6","","","","RES-TH_BD2.2-L6.5-P10.50-D0.6"
"SK1","1","Z-ICS0S16P-NG00","Ckmtw(灿科盟)","IC Sockets, DIP-16_L20.3-W10.2-P2.54-LS7.6-BL-2","","","","DIP-16_L20.3-W10.2-P2.54-LS7.6-BL-2"
"U1,U2,U3,U4","4","PZ254-1-19-Z-8.5","HCTL(华灿天禄)","Female Headers, HDR-TH_19P-P2.54-V-F","","","","HDR-TH_19P-P2.54-V-F"
"U10,U5,U6,U7,U8,U9","6","JL308-25410G01","JILN(锦凌)","Screw terminal, CONN-TH_10P-P2.54_JILN_JL308-25410G01","","","","CONN-TH_10P-P2.54_JILN_JL308-25410G01"
"U11,U12","2","B5B-PH-K-S(LF)(SN)","JST","Wire To Board / Wire To Wire Connector, CONN-TH_B5B-PH-K-S-LF-SN","","","","CONN-TH_B5B-PH-K-S-LF-SN"
"U13","1","JL308-25403G01","JILN(锦凌)","Screw terminal, CONN-TH_3P-P2.54_JILN_JL308-25403G01","","","","CONN-TH_3P-P2.54_JILN_JL308-25403G01"
"U14","1","CC1H103ZA1ED3F4D1100","Dersonic(德尔创)","Ceramic Disc Capacitors, 10nF, CAP-TH_L5.0-W2.5-P2.50-D0.5","10nF","","","CAP-TH_L5.0-W2.5-P2.50-D0.5"
