﻿Ref,Val,Package,PosX,PosY,Rot,Side
"CN1","","CONN-TH_XT30PW-M","-20.4392mm","46.8052mm",180,"Top"
"CN2","","CONN-TH_B5B-XH-A-LF-SN","-8.46mm","-46.89mm",0,"Top"
"CN3","","CONN-TH_XT30UPB-F","-45.0286mm","51.4306mm",0,"Top"
"H1","","HDR-TH_44P-2.54-V-M-R2-C22-S2.54","-0.12mm","-19.73mm",0,"Top"
"R2","","RES-TH_BD2.2-L6.5-P10.50-D0.6","0mm","24.1454mm",90,"Top"
"SK1","","DIP-16_L20.3-W10.2-P2.54-LS7.6-BL-2","5.51mm","-32.92mm",180,"Top"
"U1","","HDR-TH_19P-P2.54-V-F","-14.43mm","12.41mm",90,"Top"
"U2","","HDR-TH_19P-P2.54-V-F","-11.43mm","12.41mm",90,"Top"
"U3","","HDR-TH_19P-P2.54-V-F","11.43mm","12.41mm",90,"Top"
"U4","","HDR-TH_19P-P2.54-V-F","14.43mm","12.41mm",90,"Top"
"U5","","CONN-TH_10P-P2.54_JILN_JL308-25410G01","-20mm","26.41mm",270,"Top"
"U6","","CONN-TH_10P-P2.54_JILN_JL308-25410G01","-20mm","-1.59mm",270,"Top"
"U7","","CONN-TH_10P-P2.54_JILN_JL308-25410G01","20.0001mm","26.41mm",90,"Top"
"U8","","CONN-TH_10P-P2.54_JILN_JL308-25410G01","20mm","-1.59mm",90,"Top"
"U9","","CONN-TH_10P-P2.54_JILN_JL308-25410G01","-22mm","-38mm",270,"Top"
"U10","","CONN-TH_10P-P2.54_JILN_JL308-25410G01","22mm","-38mm",90,"Top"
"U11","","CONN-TH_B5B-PH-K-S-LF-SN","-11.987mm","-31.65mm",90,"Top"
"U12","","CONN-TH_B5B-PH-K-S-LF-SN","13.46mm","-45.43mm",270,"Top"
"U13","","CONN-TH_3P-P2.54_JILN_JL308-25403G01","5.2471mm","-45.0324mm",0,"Top"
"U14","10nF","CAP-TH_L5.0-W2.5-P2.50-D0.5","-12.29mm","-40.7891mm",0,"Top"
