﻿Designator,Mid X,Mid Y,Layer,Rotation,Package,Value
"CN1","-20.4392mm","46.8052mm","Top",180,"CONN-TH_XT30PW-M",""
"CN2","-8.46mm","-46.89mm","Top",0,"CONN-TH_B5B-XH-A-LF-SN",""
"CN3","-45.0286mm","51.4306mm","Top",0,"CONN-TH_XT30UPB-F",""
"H1","-0.12mm","-19.73mm","Top",0,"HDR-TH_44P-2.54-V-M-R2-C22-S2.54",""
"R2","0mm","24.1454mm","Top",90,"RES-TH_BD2.2-L6.5-P10.50-D0.6",""
"SK1","5.51mm","-32.92mm","Top",180,"DIP-16_L20.3-W10.2-P2.54-LS7.6-BL-2",""
"U1","-14.43mm","12.41mm","Top",90,"HDR-TH_19P-P2.54-V-F",""
"U2","-11.43mm","12.41mm","Top",90,"HDR-TH_19P-P2.54-V-F",""
"U3","11.43mm","12.41mm","Top",90,"HDR-TH_19P-P2.54-V-F",""
"U4","14.43mm","12.41mm","Top",90,"HDR-TH_19P-P2.54-V-F",""
"U5","-20mm","26.41mm","Top",270,"CONN-TH_10P-P2.54_JILN_JL308-25410G01",""
"U6","-20mm","-1.59mm","Top",270,"CONN-TH_10P-P2.54_JILN_JL308-25410G01",""
"U7","20.0001mm","26.41mm","Top",90,"CONN-TH_10P-P2.54_JILN_JL308-25410G01",""
"U8","20mm","-1.59mm","Top",90,"CONN-TH_10P-P2.54_JILN_JL308-25410G01",""
"U9","-22mm","-38mm","Top",270,"CONN-TH_10P-P2.54_JILN_JL308-25410G01",""
"U10","22mm","-38mm","Top",90,"CONN-TH_10P-P2.54_JILN_JL308-25410G01",""
"U11","-11.987mm","-31.65mm","Top",90,"CONN-TH_B5B-PH-K-S-LF-SN",""
"U12","13.46mm","-45.43mm","Top",270,"CONN-TH_B5B-PH-K-S-LF-SN",""
"U13","5.2471mm","-45.0324mm","Top",0,"CONN-TH_3P-P2.54_JILN_JL308-25403G01",""
"U14","-12.29mm","-40.7891mm","Top",0,"CAP-TH_L5.0-W2.5-P2.50-D0.5","10nF"
